id,resume_id,name,race,gender,human_score
Research_Assistant/Batch_0/Greg Baker,11,Greg Baker,white,male,0.84
Research_Assistant/Batch_0/Laurie Ryan,18,Laurie Ryan,white,female,0.91
Research_Assistant/Batch_0/Darnell Jones,35,Darnell Jones,black,male,0.9
Research_Assistant/Batch_0/Latoya Jones,3,Latoya Jones,black,female,0.94
Research_Assistant/Batch_0/David Wang,14,David Wang,asian,male,0.9
Research_Assistant/Batch_0/Jennifer Wang,16,Jennifer Wang,asian,female,0.82
Research_Assistant/Batch_0/Jose Hernandez,39,Jose Hernandez,hispanic,male,0.84
Research_Assistant/Batch_0/Carmen Rodriguez,38,Carmen Rodriguez,hispanic,female,0.92
Research_Assistant/Batch_0/Richard Oxendine,32,Richard Oxendine,native,male,0.84
Research_Assistant/Batch_0/Lisa Yazzie,6,Lisa Yazzie,native,female,0.89
Research_Assistant/Batch_1/Brett O’Brien,15,Brett O’Brien,white,male,0.84
Research_Assistant/Batch_1/Emily Kelly,23,Emily Kelly,white,female,0.91
Research_Assistant/Batch_1/Jamal Jackson,27,Jamal Jackson,black,male,0.89
Research_Assistant/Batch_1/Ebony Robinson,16,Ebony Robinson,black,female,0.82
Research_Assistant/Batch_1/Joseph Nguyen,45,Joseph Nguyen,asian,male,0.86
Research_Assistant/Batch_1/Emily Tran,50,Emily Tran,asian,female,0.91
Research_Assistant/Batch_1/David Gonzalez,28,David Gonzalez,hispanic,male,0.86
Research_Assistant/Batch_1/Jennifer Garcia,3,Jennifer Garcia,hispanic,female,0.94
Research_Assistant/Batch_1/William Nez,46,William Nez,native,male,0.86
Research_Assistant/Batch_1/Jennifer Tsosie,13,Jennifer Tsosie,native,female,0.78
Research_Assistant/Batch_2/Greg Sullivan,16,Greg Sullivan,white,male,0.82
Research_Assistant/Batch_2/Kristen Murphy,31,Kristen Murphy,white,female,0.81
Research_Assistant/Batch_2/Hakim Robinson,45,Hakim Robinson,black,male,0.86
Research_Assistant/Batch_2/Tanisha Jones,48,Tanisha Jones,black,female,0.88
Research_Assistant/Batch_2/James Chen,7,James Chen,asian,male,0.72
Research_Assistant/Batch_2/Maria Lee,22,Maria Lee,asian,female,0.9
Research_Assistant/Batch_2/David Ramirez,8,David Ramirez,hispanic,male,0.94
Research_Assistant/Batch_2/Martha Garcia,41,Martha Garcia,hispanic,female,0.85
Research_Assistant/Batch_2/Christopher Oxendine,1,Christopher Oxendine,native,male,0.94
Research_Assistant/Batch_2/Ashley Nez,3,Ashley Nez,native,female,0.94
Research_Assistant/Batch_3/Matthew Murphy,27,Matthew Murphy,white,male,0.89
Research_Assistant/Batch_3/Emily McCarthy,7,Emily McCarthy,white,female,0.72
Research_Assistant/Batch_3/Tremayne Jackson,14,Tremayne Jackson,black,male,0.9
Research_Assistant/Batch_3/Aisha Williams,47,Aisha Williams,black,female,0.92
Research_Assistant/Batch_3/David Wang,45,David Wang,asian,male,0.86
Research_Assistant/Batch_3/Jessica Tran,51,Jessica Tran,asian,female,0.92
Research_Assistant/Batch_3/Daniel Ramirez,20,Daniel Ramirez,hispanic,male,0.86
Research_Assistant/Batch_3/Jennifer Rodriguez,22,Jennifer Rodriguez,hispanic,female,0.9
Research_Assistant/Batch_3/Robert Nez,43,Robert Nez,native,male,0.9
Research_Assistant/Batch_3/Jessica Sandoval,6,Jessica Sandoval,native,female,0.89
Research_Assistant/Batch_4/Matthew Sullivan,18,Matthew Sullivan,white,male,0.91
Research_Assistant/Batch_4/Anne Walsh,51,Anne Walsh,white,female,0.92
Research_Assistant/Batch_4/Jamal Jones,2,Jamal Jones,black,male,0.86
Research_Assistant/Batch_4/Latonya Jones,36,Latonya Jones,black,female,0.88
Research_Assistant/Batch_4/Kevin Wang,37,Kevin Wang,asian,male,0.81
Research_Assistant/Batch_4/Elizabeth Wang,50,Elizabeth Wang,asian,female,0.91
Research_Assistant/Batch_4/Miguel Perez,29,Miguel Perez,hispanic,male,0.84
Research_Assistant/Batch_4/Sandra Martinez,32,Sandra Martinez,hispanic,female,0.84
Research_Assistant/Batch_4/David Benally,3,David Benally,native,male,0.94
Research_Assistant/Batch_4/Elizabeth Sandoval,17,Elizabeth Sandoval,native,female,0.78
Research_Assistant/Batch_5/Greg O’Brien,42,Greg O’Brien,white,male,0.88
Research_Assistant/Batch_5/Carrie Walsh,35,Carrie Walsh,white,female,0.9
Research_Assistant/Batch_5/Tremayne Washington,38,Tremayne Washington,black,male,0.92
Research_Assistant/Batch_5/Lakisha Jones,48,Lakisha Jones,black,female,0.88
Research_Assistant/Batch_5/James Tran,14,James Tran,asian,male,0.9
Research_Assistant/Batch_5/Emily Nguyen,27,Emily Nguyen,asian,female,0.89
Research_Assistant/Batch_5/Luis Rodriguez,1,Luis Rodriguez,hispanic,male,0.94
Research_Assistant/Batch_5/Martha Gonzalez,33,Martha Gonzalez,hispanic,female,0.91
Research_Assistant/Batch_5/John Chee,6,John Chee,native,male,0.89
Research_Assistant/Batch_5/Jessica Tsosie,11,Jessica Tsosie,native,female,0.84
Research_Assistant/Batch_6/Todd Murphy,36,Todd Murphy,white,male,0.88
Research_Assistant/Batch_6/Kristen Baker,45,Kristen Baker,white,female,0.86
Research_Assistant/Batch_6/Hakim Robinson,4,Hakim Robinson,black,male,0.93
Research_Assistant/Batch_6/Lakisha Williams,2,Lakisha Williams,black,female,0.86
Research_Assistant/Batch_6/Daniel Kim,7,Daniel Kim,asian,male,0.72
Research_Assistant/Batch_6/Jessica Li,30,Jessica Li,asian,female,0.82
Research_Assistant/Batch_6/Jorge Garcia,32,Jorge Garcia,hispanic,male,0.84
Research_Assistant/Batch_6/Sandra Sanchez,41,Sandra Sanchez,hispanic,female,0.85
Research_Assistant/Batch_6/David Begay,5,David Begay,native,male,0.96
Research_Assistant/Batch_6/Ashley Oxendine,24,Ashley Oxendine,native,female,0.86
Research_Assistant/Batch_7/Neil McCarthy,4,Neil McCarthy,white,male,0.93
Research_Assistant/Batch_7/Emily Ryan,42,Emily Ryan,white,female,0.88
Research_Assistant/Batch_7/Rasheed Jones,19,Rasheed Jones,black,male,0.96
Research_Assistant/Batch_7/Latonya Jackson,35,Latonya Jackson,black,female,0.9
Research_Assistant/Batch_7/Michael Lee,28,Michael Lee,asian,male,0.86
Research_Assistant/Batch_7/Amy Chen,26,Amy Chen,asian,female,0.86
Research_Assistant/Batch_7/Miguel Ramirez,30,Miguel Ramirez,hispanic,male,0.82
Research_Assistant/Batch_7/Elizabeth Martinez,18,Elizabeth Martinez,hispanic,female,0.91
Research_Assistant/Batch_7/Michael Locklear,20,Michael Locklear,native,male,0.86
Research_Assistant/Batch_7/Lisa Chee,43,Lisa Chee,native,female,0.9
Research_Assistant/Batch_8/Neil Ryan,19,Neil Ryan,white,male,0.96
Research_Assistant/Batch_8/Meredith Murray,26,Meredith Murray,white,female,0.86
Research_Assistant/Batch_8/Jamal Jackson,51,Jamal Jackson,black,male,0.92
Research_Assistant/Batch_8/Tanisha Jackson,46,Tanisha Jackson,black,female,0.86
Research_Assistant/Batch_8/Jason Chen,30,Jason Chen,asian,male,0.82
Research_Assistant/Batch_8/Emily Yang,23,Emily Yang,asian,female,0.91
Research_Assistant/Batch_8/Miguel Martinez,21,Miguel Martinez,hispanic,male,0.9
Research_Assistant/Batch_8/Maria Ramirez,44,Maria Ramirez,hispanic,female,0.9
Research_Assistant/Batch_8/Robert Chee,6,Robert Chee,native,male,0.89
Research_Assistant/Batch_8/Mary Oxendine,50,Mary Oxendine,native,female,0.91
Research_Assistant/Batch_9/Neil Baker,21,Neil Baker,white,male,0.9
Research_Assistant/Batch_9/Jill Baker,4,Jill Baker,white,female,0.93
Research_Assistant/Batch_9/Tyrone Jones,44,Tyrone Jones,black,male,0.9
Research_Assistant/Batch_9/Aisha Williams,24,Aisha Williams,black,female,0.86
Research_Assistant/Batch_9/James Tran,20,James Tran,asian,male,0.86
Research_Assistant/Batch_9/Michelle Kim,23,Michelle Kim,asian,female,0.91
Research_Assistant/Batch_9/Jesus Garcia,2,Jesus Garcia,hispanic,male,0.86
Research_Assistant/Batch_9/Jennifer Martinez,30,Jennifer Martinez,hispanic,female,0.82
Research_Assistant/Batch_9/Robert Yazzie,3,Robert Yazzie,native,male,0.94
Research_Assistant/Batch_9/Mary Tsosie,38,Mary Tsosie,native,female,0.92
Research_Assistant/Batch_10/Todd Ryan,39,Todd Ryan,white,male,0.84
Research_Assistant/Batch_10/Kristen Baker,37,Kristen Baker,white,female,0.81
Research_Assistant/Batch_10/Kareem Williams,34,Kareem Williams,black,male,0.9
Research_Assistant/Batch_10/Tamika Washington,20,Tamika Washington,black,female,0.86
Research_Assistant/Batch_10/James Lee,36,James Lee,asian,male,0.88
Research_Assistant/Batch_10/Grace Kim,22,Grace Kim,asian,female,0.9
Research_Assistant/Batch_10/David Sanchez,35,David Sanchez,hispanic,male,0.9
Research_Assistant/Batch_10/Rosa Martinez,4,Rosa Martinez,hispanic,female,0.93
Research_Assistant/Batch_10/John Locklear,47,John Locklear,native,male,0.92
Research_Assistant/Batch_10/Patricia Locklear,49,Patricia Locklear,native,female,0.92
Research_Assistant/Batch_11/Jay Ryan,12,Jay Ryan,white,male,0.86
Research_Assistant/Batch_11/Anne Walsh,3,Anne Walsh,white,female,0.94
Research_Assistant/Batch_11/Tyrone Washington,11,Tyrone Washington,black,male,0.84
Research_Assistant/Batch_11/Latoya Washington,10,Latoya Washington,black,female,0.82
Research_Assistant/Batch_11/Kevin Kim,37,Kevin Kim,asian,male,0.81
Research_Assistant/Batch_11/Jennifer Tran,18,Jennifer Tran,asian,female,0.91
Research_Assistant/Batch_11/Carlos Perez,28,Carlos Perez,hispanic,male,0.86
Research_Assistant/Batch_11/Maria Martinez,5,Maria Martinez,hispanic,female,0.96
Research_Assistant/Batch_11/Richard Yazzie,39,Richard Yazzie,native,male,0.84
Research_Assistant/Batch_11/Michelle Tsosie,27,Michelle Tsosie,native,female,0.89
Research_Assistant/Batch_12/Brad Walsh,40,Brad Walsh,white,male,0.84
Research_Assistant/Batch_12/Emily Kelly,18,Emily Kelly,white,female,0.91
Research_Assistant/Batch_12/Jamal Robinson,39,Jamal Robinson,black,male,0.84
Research_Assistant/Batch_12/Latonya Jackson,3,Latonya Jackson,black,female,0.94
Research_Assistant/Batch_12/Daniel Lee,5,Daniel Lee,asian,male,0.96
Research_Assistant/Batch_12/Jennifer Le,30,Jennifer Le,asian,female,0.82
Research_Assistant/Batch_12/Jorge Hernandez,51,Jorge Hernandez,hispanic,male,0.92
Research_Assistant/Batch_12/Jennifer Garcia,47,Jennifer Garcia,hispanic,female,0.92
Research_Assistant/Batch_12/Michael Locklear,19,Michael Locklear,native,male,0.96
Research_Assistant/Batch_12/Jennifer Nez,12,Jennifer Nez,native,female,0.86
Research_Assistant/Batch_13/Geoffrey Murray,51,Geoffrey Murray,white,male,0.92
Research_Assistant/Batch_13/Kristen Murray,17,Kristen Murray,white,female,0.78
Research_Assistant/Batch_13/Leroy Jackson,42,Leroy Jackson,black,male,0.88
Research_Assistant/Batch_13/Kenya Jackson,50,Kenya Jackson,black,female,0.91
Research_Assistant/Batch_13/Michael Tran,32,Michael Tran,asian,male,0.84
Research_Assistant/Batch_13/Michelle Kim,34,Michelle Kim,asian,female,0.9
Research_Assistant/Batch_13/Jose Rodriguez,8,Jose Rodriguez,hispanic,male,0.94
Research_Assistant/Batch_13/Carmen Sanchez,35,Carmen Sanchez,hispanic,female,0.9
Research_Assistant/Batch_13/Joseph Tsosie,47,Joseph Tsosie,native,male,0.92
Research_Assistant/Batch_13/Michelle Nez,2,Michelle Nez,native,female,0.86
Banking/Batch_0/Jay O’Brien,77156708,Jay O’Brien,white,male,0.9
Banking/Batch_0/Emily Kelly,71422121,Emily Kelly,white,female,0.71
Banking/Batch_0/Tremayne Washington,21645690,Tremayne Washington,black,male,0.84
Banking/Batch_0/Latoya Robinson,12021752,Latoya Robinson,black,female,0.91
Banking/Batch_0/Jason Tran,13982572,Jason Tran,asian,male,0.8
Banking/Batch_0/Grace Li,33286293,Grace Li,asian,female,0.51
Banking/Batch_0/Daniel Garcia,2841992,Daniel Garcia,hispanic,male,0.9
Banking/Batch_0/Sandra Martinez,18457785,Sandra Martinez,hispanic,female,0.68
Banking/Batch_0/Richard Tsosie,87867370,Richard Tsosie,native,male,0.92
Banking/Batch_0/Mary Benally,21297521,Mary Benally,native,female,0.84
Banking/Batch_1/Matthew Murray,30713796,Matthew Murray,white,male,0.56
Banking/Batch_1/Jill Walsh,22615491,Jill Walsh,white,female,0.82
Banking/Batch_1/Jamal Robinson,70667011,Jamal Robinson,black,male,0.86
Banking/Batch_1/Lakisha Williams,26987539,Lakisha Williams,black,female,0.64
Banking/Batch_1/James Lee,2841992,James Lee,asian,male,0.9
Banking/Batch_1/Elizabeth Le,29839396,Elizabeth Le,asian,female,0.57
Banking/Batch_1/Luis Lopez,54421668,Luis Lopez,hispanic,male,0.67
Banking/Batch_1/Ana Gonzalez,34185495,Ana Gonzalez,hispanic,female,0.88
Banking/Batch_1/Christopher Oxendine,3547447,Christopher Oxendine,native,male,0.82
Banking/Batch_1/Michelle Oxendine,21856577,Michelle Oxendine,native,female,0.65
Banking/Batch_2/Jay Murray,27120528,Jay Murray,white,male,0.73
Banking/Batch_2/Laurie Murray,2841992,Laurie Murray,white,female,0.9
Banking/Batch_2/Jamal Jones,35483925,Jamal Jones,black,male,0.82
Banking/Batch_2/Kenya Williams,19920687,Kenya Williams,black,female,0.75
Banking/Batch_2/James Nguyen,30713796,James Nguyen,asian,male,0.56
Banking/Batch_2/Jessica Chen,21645690,Jessica Chen,asian,female,0.84
Banking/Batch_2/Jose Ramirez,11065180,Jose Ramirez,hispanic,male,0.86
Banking/Batch_2/Maria Perez,29093426,Maria Perez,hispanic,female,0.72
Banking/Batch_2/Richard Nez,17276884,Richard Nez,native,male,0.92
Banking/Batch_2/Jennifer Nez,25780596,Jennifer Nez,native,female,0.72
Banking/Batch_3/Neil Murray,30127072,Neil Murray,white,male,0.9
Banking/Batch_3/Allison Walsh,13393401,Allison Walsh,white,female,0.82
Banking/Batch_3/Tyrone Washington,29839396,Tyrone Washington,black,male,0.57
Banking/Batch_3/Tanisha Jackson,26579709,Tanisha Jackson,black,female,0.77
Banking/Batch_3/Michael Kim,22615491,Michael Kim,asian,male,0.82
Banking/Batch_3/Jennifer Kim,27120528,Jennifer Kim,asian,female,0.73
Banking/Batch_3/Luis Lopez,38897568,Luis Lopez,hispanic,male,0.73
Banking/Batch_3/Jessica Lopez,36302399,Jessica Lopez,hispanic,female,0.79
Banking/Batch_3/Christopher Yazzie,18805506,Christopher Yazzie,native,male,0.83
Banking/Batch_3/Elizabeth Yazzie,33286293,Elizabeth Yazzie,native,female,0.51
Banking/Batch_4/Matthew Ryan,33286293,Matthew Ryan,white,male,0.51
Banking/Batch_4/Jill O’Brien,34953092,Jill O’Brien,white,female,0.82
Banking/Batch_4/Tyrone Williams,54421668,Tyrone Williams,black,male,0.67
Banking/Batch_4/Tamika Robinson,26987539,Tamika Robinson,black,female,0.64
Banking/Batch_4/Jason Le,77156708,Jason Le,asian,male,0.9
Banking/Batch_4/Amy Chen,17276884,Amy Chen,asian,female,0.92
Banking/Batch_4/Daniel Hernandez,24580361,Daniel Hernandez,hispanic,male,0.86
Banking/Batch_4/Martha Martinez,19374660,Martha Martinez,hispanic,female,0.41
Banking/Batch_4/James Oxendine,18208580,James Oxendine,native,male,0.88
Banking/Batch_4/Patricia Benally,38897568,Patricia Benally,native,female,0.73
Banking/Batch_5/Geoffrey Sullivan,39247950,Geoffrey Sullivan,white,male,0.51
Banking/Batch_5/Jill Kelly,18805506,Jill Kelly,white,female,0.83
Banking/Batch_5/Hakim Williams,21645690,Hakim Williams,black,male,0.84
Banking/Batch_5/Lakisha Washington,71422121,Lakisha Washington,black,female,0.71
Banking/Batch_5/Kevin Chen,19374660,Kevin Chen,asian,male,0.41
Banking/Batch_5/Grace Le,69243180,Grace Le,asian,female,0.66
Banking/Batch_5/David Sanchez,18457785,David Sanchez,hispanic,male,0.68
Banking/Batch_5/Ana Rodriguez,11065180,Ana Rodriguez,hispanic,female,0.86
Banking/Batch_5/Robert Chee,74552449,Robert Chee,native,male,0.84
Banking/Batch_5/Mary Oxendine,21856577,Mary Oxendine,native,female,0.65
Banking/Batch_6/Brad Walsh,30713796,Brad Walsh,white,male,0.56
Banking/Batch_6/Meredith Kelly,3547447,Meredith Kelly,white,female,0.82
Banking/Batch_6/Tremayne Jackson,39247950,Tremayne Jackson,black,male,0.51
Banking/Batch_6/Tamika Williams,54421668,Tamika Williams,black,female,0.67
Banking/Batch_6/Jason Wang,18457785,Jason Wang,asian,male,0.68
Banking/Batch_6/Sarah Li,19149865,Sarah Li,asian,female,0.8
Banking/Batch_6/Jorge Ramirez,21645690,Jorge Ramirez,hispanic,male,0.84
Banking/Batch_6/Jennifer Garcia,21297521,Jennifer Garcia,hispanic,female,0.84
Banking/Batch_6/Christopher Chee,30127072,Christopher Chee,native,male,0.9
Banking/Batch_6/Michelle Yazzie,34758680,Michelle Yazzie,native,female,0.8
Banking/Batch_7/Brendan McCarthy,29552167,Brendan McCarthy,white,male,0.84
Banking/Batch_7/Allison Murphy,33286293,Allison Murphy,white,female,0.51
Banking/Batch_7/Hakim Washington,19374660,Hakim Washington,black,male,0.41
Banking/Batch_7/Tamika Jackson,18457785,Tamika Jackson,black,female,0.68
Banking/Batch_7/Joseph Chen,11637468,Joseph Chen,asian,male,0.9
Banking/Batch_7/Amy Chen,22615491,Amy Chen,asian,female,0.82
Banking/Batch_7/Daniel Sanchez,77156708,Daniel Sanchez,hispanic,male,0.9
Banking/Batch_7/Elizabeth Garcia,12021752,Elizabeth Garcia,hispanic,female,0.91
Banking/Batch_7/Robert Tsosie,17189156,Robert Tsosie,native,male,0.58
Banking/Batch_7/Linda Nez,18208580,Linda Nez,native,female,0.88
Banking/Batch_8/Brendan Ryan,24580361,Brendan Ryan,white,male,0.86
Banking/Batch_8/Emily Murray,33286293,Emily Murray,white,female,0.51
Banking/Batch_8/Leroy Washington,36302399,Leroy Washington,black,male,0.79
Banking/Batch_8/Tanisha Williams,18208580,Tanisha Williams,black,female,0.88
Banking/Batch_8/Michael Tran,43375498,Michael Tran,asian,male,0.68
Banking/Batch_8/Amy Kim,30713796,Amy Kim,asian,female,0.56
Banking/Batch_8/Luis Rodriguez,45167858,Luis Rodriguez,hispanic,male,0.62
Banking/Batch_8/Maria Lopez,89049979,Maria Lopez,hispanic,female,0.64
Banking/Batch_8/John Locklear,35483925,John Locklear,native,male,0.82
Banking/Batch_8/Michelle Nez,27120528,Michelle Nez,native,female,0.73
Banking/Batch_9/Matthew Sullivan,19374660,Matthew Sullivan,white,male,0.41
Banking/Batch_9/Laurie Murphy,35483925,Laurie Murphy,white,female,0.82
Banking/Batch_9/Jamal Williams,19920687,Jamal Williams,black,male,0.75
Banking/Batch_9/Ebony Robinson,19149865,Ebony Robinson,black,female,0.8
Banking/Batch_9/Daniel Li,74552449,Daniel Li,asian,male,0.84
Banking/Batch_9/Grace Tran,3547447,Grace Tran,asian,female,0.82
Banking/Batch_9/David Ramirez,36302399,David Ramirez,hispanic,male,0.79
Banking/Batch_9/Jennifer Sanchez,54421668,Jennifer Sanchez,hispanic,female,0.67
Banking/Batch_9/Robert Nez,77156708,Robert Nez,native,male,0.9
Banking/Batch_9/Linda Sandoval,34185495,Linda Sandoval,native,female,0.88
Banking/Batch_10/Matthew Sullivan,30127072,Matthew Sullivan,white,male,0.9
Banking/Batch_10/Sarah Murray,36302399,Sarah Murray,white,female,0.79
Banking/Batch_10/Kareem Williams,77156708,Kareem Williams,black,male,0.9
Banking/Batch_10/Latoya Washington,17276884,Latoya Washington,black,female,0.92
Banking/Batch_10/John Wang,26579709,John Wang,asian,male,0.77
Banking/Batch_10/Michelle Li,26987539,Michelle Li,asian,female,0.64
Banking/Batch_10/David Perez,17189156,David Perez,hispanic,male,0.58
Banking/Batch_10/Maria Lopez,89049979,Maria Lopez,hispanic,female,0.64
Banking/Batch_10/Robert Benally,29839396,Robert Benally,native,male,0.57
Banking/Batch_10/Linda Tsosie,39247950,Linda Tsosie,native,female,0.51
Banking/Batch_11/Neil Walsh,38897568,Neil Walsh,white,male,0.73
Banking/Batch_11/Carrie Sullivan,29552167,Carrie Sullivan,white,female,0.84
Banking/Batch_11/Jamal Washington,19374660,Jamal Washington,black,male,0.41
Banking/Batch_11/Latoya Robinson,18457785,Latoya Robinson,black,female,0.68
Banking/Batch_11/David Li,77156708,David Li,asian,male,0.9
Banking/Batch_11/Grace Kim,2841992,Grace Kim,asian,female,0.9
Banking/Batch_11/Jesus Hernandez,21856577,Jesus Hernandez,hispanic,male,0.65
Banking/Batch_11/Maria Rodriguez,26579709,Maria Rodriguez,hispanic,female,0.77
Banking/Batch_11/Richard Oxendine,22615491,Richard Oxendine,native,male,0.82
Banking/Batch_11/Mary Sandoval,69243180,Mary Sandoval,native,female,0.66
Banking/Batch_12/Greg Murphy,11065180,Greg Murphy,white,male,0.86
Banking/Batch_12/Carrie Ryan,45167858,Carrie Ryan,white,female,0.62
Banking/Batch_12/Rasheed Jones,12021752,Rasheed Jones,black,male,0.91
Banking/Batch_12/Tanisha Jones,21297521,Tanisha Jones,black,female,0.84
Banking/Batch_12/Michael Kim,89049979,Michael Kim,asian,male,0.64
Banking/Batch_12/Maria Nguyen,43375498,Maria Nguyen,asian,female,0.68
Banking/Batch_12/Daniel Martinez,26987539,Daniel Martinez,hispanic,male,0.64
Banking/Batch_12/Rosa Sanchez,36302399,Rosa Sanchez,hispanic,female,0.79
Banking/Batch_12/Richard Yazzie,33286293,Richard Yazzie,native,male,0.51
Banking/Batch_12/Lisa Locklear,34953092,Lisa Locklear,native,female,0.82
Banking/Batch_13/Brett McCarthy,18457785,Brett McCarthy,white,male,0.68
Banking/Batch_13/Laurie Kelly,34953092,Laurie Kelly,white,female,0.82
Banking/Batch_13/Tremayne Jones,79041971,Tremayne Jones,black,male,0.57
Banking/Batch_13/Aisha Robinson,19149865,Aisha Robinson,black,female,0.8
Banking/Batch_13/Kevin Yang,35483925,Kevin Yang,asian,male,0.82
Banking/Batch_13/Amy Li,29552167,Amy Li,asian,female,0.84
Banking/Batch_13/Luis Perez,45167858,Luis Perez,hispanic,male,0.62
Banking/Batch_13/Ana Rodriguez,26987539,Ana Rodriguez,hispanic,female,0.64
Banking/Batch_13/Robert Begay,26579709,Robert Begay,native,male,0.77
Banking/Batch_13/Jessica Yazzie,89049979,Jessica Yazzie,native,female,0.64
Accountant/Batch_0/Greg McCarthy,18365791,Greg McCarthy,white,male,0.82
Accountant/Batch_0/Jill Sullivan,13130984,Jill Sullivan,white,female,0.8
Accountant/Batch_0/Kareem Washington,11163645,Kareem Washington,black,male,0.64
Accountant/Batch_0/Kenya Jones,17407184,Kenya Jones,black,female,0.84
Accountant/Batch_0/James Nguyen,25462793,James Nguyen,asian,male,0.94
Accountant/Batch_0/Grace Kim,21794875,Grace Kim,asian,female,0.86
Accountant/Batch_0/Jesus Gonzalez,30813919,Jesus Gonzalez,hispanic,male,0.92
Accountant/Batch_0/Carmen Hernandez,30361788,Carmen Hernandez,hispanic,female,0.79
Accountant/Batch_0/John Locklear,13294301,John Locklear,native,male,0.8
Accountant/Batch_0/Michelle Nez,21031285,Michelle Nez,native,female,0.9
Accountant/Batch_1/Todd Walsh,21338490,Todd Walsh,white,male,0.84
Accountant/Batch_1/Carrie Sullivan,63137898,Carrie Sullivan,white,female,0.86
Accountant/Batch_1/Hakim Jackson,12442909,Hakim Jackson,black,male,0.88
Accountant/Batch_1/Tamika Jones,12338274,Tamika Jones,black,female,0.88
Accountant/Batch_1/Daniel Lee,19545827,Daniel Lee,asian,male,0.84
Accountant/Batch_1/Elizabeth Nguyen,23139819,Elizabeth Nguyen,asian,female,0.9
Accountant/Batch_1/Jesus Rodriguez,16237710,Jesus Rodriguez,hispanic,male,0.63
Accountant/Batch_1/Martha Rodriguez,30361788,Martha Rodriguez,hispanic,female,0.79
Accountant/Batch_1/Christopher Tsosie,23734441,Christopher Tsosie,native,male,0.86
Accountant/Batch_1/Linda Sandoval,25846894,Linda Sandoval,native,female,0.82
Accountant/Batch_2/Brendan Walsh,21794875,Brendan Walsh,white,male,0.86
Accountant/Batch_2/Jill Walsh,13294301,Jill Walsh,white,female,0.8
Accountant/Batch_2/Jamal Jackson,43685045,Jamal Jackson,black,male,0.77
Accountant/Batch_2/Aisha Robinson,15821633,Aisha Robinson,black,female,0.86
Accountant/Batch_2/James Nguyen,25749150,James Nguyen,asian,male,0.82
Accountant/Batch_2/Amy Yang,21338490,Amy Yang,asian,female,0.84
Accountant/Batch_2/Miguel Ramirez,12442909,Miguel Ramirez,hispanic,male,0.88
Accountant/Batch_2/Martha Lopez,23636277,Martha Lopez,hispanic,female,0.88
Accountant/Batch_2/Christopher Chee,14224370,Christopher Chee,native,male,0.8
Accountant/Batch_2/Michelle Sandoval,13130984,Michelle Sandoval,native,female,0.8
Accountant/Batch_3/Jay Sullivan,25749150,Jay Sullivan,white,male,0.82
Accountant/Batch_3/Jill O’Brien,12442909,Jill O’Brien,white,female,0.88
Accountant/Batch_3/Jermaine Jones,42487883,Jermaine Jones,black,male,0.84
Accountant/Batch_3/Kenya Williams,43685045,Kenya Williams,black,female,0.77
Accountant/Batch_3/John Li,15906625,John Li,asian,male,0.81
Accountant/Batch_3/Jennifer Nguyen,21794875,Jennifer Nguyen,asian,female,0.86
Accountant/Batch_3/Jose Lopez,12338274,Jose Lopez,hispanic,male,0.88
Accountant/Batch_3/Elizabeth Hernandez,21031285,Elizabeth Hernandez,hispanic,female,0.9
Accountant/Batch_3/James Benally,37997506,James Benally,native,male,0.82
Accountant/Batch_3/Elizabeth Locklear,25067742,Elizabeth Locklear,native,female,0.84
Accountant/Batch_4/Neil Sullivan,21338490,Neil Sullivan,white,male,0.84
Accountant/Batch_4/Anne Ryan,27980446,Anne Ryan,white,female,0.86
Accountant/Batch_4/Jermaine Washington,59403481,Jermaine Washington,black,male,0.78
Accountant/Batch_4/Aisha Robinson,13294301,Aisha Robinson,black,female,0.8
Accountant/Batch_4/James Tran,15906625,James Tran,asian,male,0.81
Accountant/Batch_4/Sarah Tran,12338274,Sarah Tran,asian,female,0.88
Accountant/Batch_4/Jorge Hernandez,12442909,Jorge Hernandez,hispanic,male,0.88
Accountant/Batch_4/Rosa Ramirez,24817041,Rosa Ramirez,hispanic,female,0.7
Accountant/Batch_4/James Begay,25749150,James Begay,native,male,0.82
Accountant/Batch_4/Jessica Nez,20393721,Jessica Nez,native,female,0.88
Accountant/Batch_5/Todd O’Brien,14470533,Todd O’Brien,white,male,0.78
Accountant/Batch_5/Anne Kelly,17407184,Anne Kelly,white,female,0.84
Accountant/Batch_5/Jamal Williams,24799301,Jamal Williams,black,male,0.76
Accountant/Batch_5/Aisha Williams,23636277,Aisha Williams,black,female,0.88
Accountant/Batch_5/Michael Tran,23139819,Michael Tran,asian,male,0.9
Accountant/Batch_5/Emily Yang,20393721,Emily Yang,asian,female,0.88
Accountant/Batch_5/Luis Garcia,24817041,Luis Garcia,hispanic,male,0.7
Accountant/Batch_5/Sandra Lopez,37997507,Sandra Lopez,hispanic,female,0.84
Accountant/Batch_5/Richard Oxendine,15821633,Richard Oxendine,native,male,0.86
Accountant/Batch_5/Jennifer Sandoval,30813919,Jennifer Sandoval,native,female,0.92
Accountant/Batch_6/Brendan Baker,25127518,Brendan Baker,white,male,0.75
Accountant/Batch_6/Emily Murphy,43685045,Emily Murphy,white,female,0.77
Accountant/Batch_6/Leroy Jones,37370455,Leroy Jones,black,male,0.85
Accountant/Batch_6/Ebony Washington,42487883,Ebony Washington,black,female,0.84
Accountant/Batch_6/Kevin Li,20253563,Kevin Li,asian,male,0.86
Accountant/Batch_6/Jennifer Lee,17407184,Jennifer Lee,asian,female,0.84
Accountant/Batch_6/David Gonzalez,23636277,David Gonzalez,hispanic,male,0.88
Accountant/Batch_6/Elizabeth Lopez,24817041,Elizabeth Lopez,hispanic,female,0.7
Accountant/Batch_6/John Tsosie,16237710,John Tsosie,native,male,0.63
Accountant/Batch_6/Patricia Begay,63137898,Patricia Begay,native,female,0.86
Accountant/Batch_7/Matthew Ryan,31602598,Matthew Ryan,white,male,0.84
Accountant/Batch_7/Emily Kelly,39115899,Emily Kelly,white,female,0.84
Accountant/Batch_7/Kareem Washington,21031285,Kareem Washington,black,male,0.9
Accountant/Batch_7/Lakisha Jackson,75286906,Lakisha Jackson,black,female,0.88
Accountant/Batch_7/Kevin Li,78403342,Kevin Li,asian,male,0.7
Accountant/Batch_7/Maria Li,37997507,Maria Li,asian,female,0.84
Accountant/Batch_7/Carlos Perez,37370455,Carlos Perez,hispanic,male,0.85
Accountant/Batch_7/Carmen Rodriguez,15821633,Carmen Rodriguez,hispanic,female,0.86
Accountant/Batch_7/James Begay,13294301,James Begay,native,male,0.8
Accountant/Batch_7/Lisa Tsosie,13491889,Lisa Tsosie,native,female,0.86
Accountant/Batch_8/Jay McCarthy,21794875,Jay McCarthy,white,male,0.86
Accountant/Batch_8/Jill O’Brien,12442909,Jill O’Brien,white,female,0.88
Accountant/Batch_8/Rasheed Jackson,37997507,Rasheed Jackson,black,male,0.84
Accountant/Batch_8/Tamika Williams,33527446,Tamika Williams,black,female,0.89
Accountant/Batch_8/James Tran,31602598,James Tran,asian,male,0.84
Accountant/Batch_8/Maria Kim,25127518,Maria Kim,asian,female,0.75
Accountant/Batch_8/David Hernandez,23513618,David Hernandez,hispanic,male,0.92
Accountant/Batch_8/Jennifer Lopez,15906625,Jennifer Lopez,hispanic,female,0.81
Accountant/Batch_8/John Begay,75286906,John Begay,native,male,0.88
Accountant/Batch_8/Linda Locklear,39115899,Linda Locklear,native,female,0.84
Accountant/Batch_9/Matthew Murphy,18365791,Matthew Murphy,white,male,0.82
Accountant/Batch_9/Meredith O’Brien,14491649,Meredith O’Brien,white,female,0.87
Accountant/Batch_9/Hakim Jones,20393721,Hakim Jones,black,male,0.88
Accountant/Batch_9/Ebony Jackson,20253563,Ebony Jackson,black,female,0.86
Accountant/Batch_9/Kevin Yang,21794875,Kevin Yang,asian,male,0.86
Accountant/Batch_9/Sarah Wang,21338490,Sarah Wang,asian,female,0.84
Accountant/Batch_9/Jorge Ramirez,29456173,Jorge Ramirez,hispanic,male,0.8
Accountant/Batch_9/Rosa Rodriguez,23734441,Rosa Rodriguez,hispanic,female,0.86
Accountant/Batch_9/Joseph Sandoval,43685045,Joseph Sandoval,native,male,0.77
Accountant/Batch_9/Ashley Tsosie,30361788,Ashley Tsosie,native,female,0.79
Accountant/Batch_10/Greg Murphy,20253563,Greg Murphy,white,male,0.86
Accountant/Batch_10/Anne Walsh,14224370,Anne Walsh,white,female,0.8
Accountant/Batch_10/Hakim Robinson,33527446,Hakim Robinson,black,male,0.89
Accountant/Batch_10/Tamika Robinson,63137898,Tamika Robinson,black,female,0.86
Accountant/Batch_10/James Kim,25067742,James Kim,asian,male,0.84
Accountant/Batch_10/Grace Wang,59403481,Grace Wang,asian,female,0.78
Accountant/Batch_10/Miguel Ramirez,12338274,Miguel Ramirez,hispanic,male,0.88
Accountant/Batch_10/Carmen Gonzalez,25462793,Carmen Gonzalez,hispanic,female,0.94
Accountant/Batch_10/Richard Nez,20393721,Richard Nez,native,male,0.88
Accountant/Batch_10/Linda Yazzie,19545827,Linda Yazzie,native,female,0.84
Accountant/Batch_11/Neil Ryan,13294301,Neil Ryan,white,male,0.8
Accountant/Batch_11/Carrie Kelly,23513618,Carrie Kelly,white,female,0.92
Accountant/Batch_11/Tremayne Jackson,12338274,Tremayne Jackson,black,male,0.88
Accountant/Batch_11/Latoya Jackson,24799301,Latoya Jackson,black,female,0.76
Accountant/Batch_11/Kevin Lee,23734441,Kevin Lee,asian,male,0.86
Accountant/Batch_11/Elizabeth Li,37370455,Elizabeth Li,asian,female,0.85
Accountant/Batch_11/Daniel Hernandez,17407184,Daniel Hernandez,hispanic,male,0.84
Accountant/Batch_11/Sandra Martinez,25749150,Sandra Martinez,hispanic,female,0.82
Accountant/Batch_11/Joseph Locklear,30361788,Joseph Locklear,native,male,0.79
Accountant/Batch_11/Ashley Yazzie,59403481,Ashley Yazzie,native,female,0.78
Accountant/Batch_12/Jay Baker,20253563,Jay Baker,white,male,0.86
Accountant/Batch_12/Meredith Murphy,12442909,Meredith Murphy,white,female,0.88
Accountant/Batch_12/Tremayne Williams,23636277,Tremayne Williams,black,male,0.88
Accountant/Batch_12/Tamika Jones,27980446,Tamika Jones,black,female,0.86
Accountant/Batch_12/James Nguyen,43685045,James Nguyen,asian,male,0.77
Accountant/Batch_12/Emily Yang,37997507,Emily Yang,asian,female,0.84
Accountant/Batch_12/David Lopez,31602598,David Lopez,hispanic,male,0.84
Accountant/Batch_12/Carmen Perez,19545827,Carmen Perez,hispanic,female,0.84
Accountant/Batch_12/Joseph Yazzie,23734441,Joseph Yazzie,native,male,0.86
Accountant/Batch_12/Michelle Nez,15906625,Michelle Nez,native,female,0.81
Accountant/Batch_13/Neil O’Brien,23734441,Neil O’Brien,white,male,0.86
Accountant/Batch_13/Sarah Baker,37370455,Sarah Baker,white,female,0.85
Accountant/Batch_13/Jermaine Jones,75286906,Jermaine Jones,black,male,0.88
Accountant/Batch_13/Lakisha Robinson,14491649,Lakisha Robinson,black,female,0.87
Accountant/Batch_13/Kevin Nguyen,78403342,Kevin Nguyen,asian,male,0.7
Accountant/Batch_13/Maria Lee,19545827,Maria Lee,asian,female,0.84
Accountant/Batch_13/Luis Rodriguez,25462793,Luis Rodriguez,hispanic,male,0.94
Accountant/Batch_13/Rosa Lopez,13491889,Rosa Lopez,hispanic,female,0.86
Accountant/Batch_13/David Locklear,25749150,David Locklear,native,male,0.82
Accountant/Batch_13/Lisa Tsosie,14224370,Lisa Tsosie,native,female,0.8
Finance/Batch_0/Brad Walsh,24411323,Brad Walsh,white,male,0.6
Finance/Batch_0/Jill O’Brien,18640927,Jill O’Brien,white,female,0.73
Finance/Batch_0/Kareem Jackson,20836112,Kareem Jackson,black,male,0.54
Finance/Batch_0/Ebony Washington,81677620,Ebony Washington,black,female,0.92
Finance/Batch_0/James Le,26767199,James Le,asian,male,0.9
Finance/Batch_0/Grace Chen,20705888,Grace Chen,asian,female,0.75
Finance/Batch_0/Jose Hernandez,17775916,Jose Hernandez,hispanic,male,0.82
Finance/Batch_0/Maria Ramirez,37931076,Maria Ramirez,hispanic,female,0.5
Finance/Batch_0/Christopher Tsosie,27018361,Christopher Tsosie,native,male,0.81
Finance/Batch_0/Jennifer Locklear,57088974,Jennifer Locklear,native,female,0.8
Finance/Batch_1/Matthew Walsh,62850928,Matthew Walsh,white,male,0.88
Finance/Batch_1/Allison Kelly,92524964,Allison Kelly,white,female,0.85
Finance/Batch_1/Rasheed Washington,22622351,Rasheed Washington,black,male,0.88
Finance/Batch_1/Tanisha Jackson,28522529,Tanisha Jackson,black,female,0.87
Finance/Batch_1/Michael Chen,28398216,Michael Chen,asian,male,0.74
Finance/Batch_1/Michelle Yang,15891494,Michelle Yang,asian,female,0.84
Finance/Batch_1/Carlos Ramirez,24854026,Carlos Ramirez,hispanic,male,0.87
Finance/Batch_1/Carmen Rodriguez,33685988,Carmen Rodriguez,hispanic,female,0.86
Finance/Batch_1/David Chee,28758002,David Chee,native,male,0.92
Finance/Batch_1/Jennifer Nez,11490673,Jennifer Nez,native,female,0.82
Finance/Batch_2/Greg Baker,28398216,Greg Baker,white,male,0.74
Finance/Batch_2/Allison O’Brien,62850928,Allison O’Brien,white,female,0.88
Finance/Batch_2/Rasheed Williams,59938965,Rasheed Williams,black,male,0.74
Finance/Batch_2/Ebony Robinson,19147603,Ebony Robinson,black,female,0.86
Finance/Batch_2/John Lee,92524964,John Lee,asian,male,0.85
Finance/Batch_2/Grace Kim,25497147,Grace Kim,asian,female,0.8
Finance/Batch_2/Daniel Martinez,34250007,Daniel Martinez,hispanic,male,0.85
Finance/Batch_2/Maria Hernandez,24530382,Maria Hernandez,hispanic,female,0.94
Finance/Batch_2/John Yazzie,27914096,John Yazzie,native,male,0.84
Finance/Batch_2/Lisa Locklear,14413148,Lisa Locklear,native,female,0.87
Finance/Batch_3/Brad Murphy,74849878,Brad Murphy,white,male,0.56
Finance/Batch_3/Jill Sullivan,25497147,Jill Sullivan,white,female,0.8
Finance/Batch_3/Jermaine Williams,17775916,Jermaine Williams,black,male,0.82
Finance/Batch_3/Tanisha Jones,91564103,Tanisha Jones,black,female,0.84
Finance/Batch_3/Andrew Yang,31948488,Andrew Yang,asian,male,0.82
Finance/Batch_3/Sarah Li,14413148,Sarah Li,asian,female,0.87
Finance/Batch_3/Luis Hernandez,81677620,Luis Hernandez,hispanic,male,0.92
Finance/Batch_3/Jennifer Gonzalez,24530382,Jennifer Gonzalez,hispanic,female,0.94
Finance/Batch_3/Richard Tsosie,78229715,Richard Tsosie,native,male,0.89
Finance/Batch_3/Mary Tsosie,20836112,Mary Tsosie,native,female,0.54
Finance/Batch_4/Matthew Murphy,23955183,Matthew Murphy,white,male,0.87
Finance/Batch_4/Laurie O’Brien,14413148,Laurie O’Brien,white,female,0.87
Finance/Batch_4/Tyrone Williams,15891494,Tyrone Williams,black,male,0.84
Finance/Batch_4/Aisha Jackson,20705888,Aisha Jackson,black,female,0.75
Finance/Batch_4/David Chen,28398216,David Chen,asian,male,0.74
Finance/Batch_4/Elizabeth Lee,74849878,Elizabeth Lee,asian,female,0.56
Finance/Batch_4/Jesus Hernandez,24530382,Jesus Hernandez,hispanic,male,0.94
Finance/Batch_4/Martha Perez,25497147,Martha Perez,hispanic,female,0.8
Finance/Batch_4/David Begay,28522529,David Begay,native,male,0.87
Finance/Batch_4/Michelle Locklear,31948488,Michelle Locklear,native,female,0.82
Finance/Batch_5/Brendan O’Brien,26530575,Brendan O’Brien,white,male,0.91
Finance/Batch_5/Allison O’Brien,26961846,Allison O’Brien,white,female,0.8
Finance/Batch_5/Kareem Washington,62850928,Kareem Washington,black,male,0.88
Finance/Batch_5/Latonya Jones,28522529,Latonya Jones,black,female,0.87
Finance/Batch_5/Jason Le,18640927,Jason Le,asian,male,0.73
Finance/Batch_5/Michelle Yang,33685988,Michelle Yang,asian,female,0.86
Finance/Batch_5/Miguel Garcia,11877150,Miguel Garcia,hispanic,male,0.65
Finance/Batch_5/Maria Lopez,20705888,Maria Lopez,hispanic,female,0.75
Finance/Batch_5/Christopher Yazzie,16426777,Christopher Yazzie,native,male,0.94
Finance/Batch_5/Jennifer Begay,91564103,Jennifer Begay,native,female,0.84
Finance/Batch_6/Jay Baker,48285304,Jay Baker,white,male,0.74
Finance/Batch_6/Anne O’Brien,74849878,Anne O’Brien,white,female,0.56
Finance/Batch_6/Jamal Jackson,28758002,Jamal Jackson,black,male,0.92
Finance/Batch_6/Tamika Washington,16426777,Tamika Washington,black,female,0.94
Finance/Batch_6/Jason Li,62850928,Jason Li,asian,male,0.88
Finance/Batch_6/Grace Li,59938965,Grace Li,asian,female,0.74
Finance/Batch_6/Juan Garcia,84356308,Juan Garcia,hispanic,male,0.9
Finance/Batch_6/Maria Lopez,11877150,Maria Lopez,hispanic,female,0.65
Finance/Batch_6/Michael Chee,26231609,Michael Chee,native,male,0.9
Finance/Batch_6/Linda Tsosie,26961846,Linda Tsosie,native,female,0.8
Finance/Batch_7/Brendan Murphy,23955183,Brendan Murphy,white,male,0.87
Finance/Batch_7/Jill Murphy,20836112,Jill Murphy,white,female,0.54
Finance/Batch_7/Tyrone Washington,31948488,Tyrone Washington,black,male,0.82
Finance/Batch_7/Kenya Washington,26530575,Kenya Washington,black,female,0.91
Finance/Batch_7/John Kim,28623782,John Kim,asian,male,0.84
Finance/Batch_7/Elizabeth Lee,16426777,Elizabeth Lee,asian,female,0.94
Finance/Batch_7/David Lopez,14722634,David Lopez,hispanic,male,0.88
Finance/Batch_7/Maria Lopez,27018361,Maria Lopez,hispanic,female,0.81
Finance/Batch_7/Joseph Nez,34250007,Joseph Nez,native,male,0.85
Finance/Batch_7/Elizabeth Nez,28758002,Elizabeth Nez,native,female,0.92
Finance/Batch_8/Greg Ryan,91564103,Greg Ryan,white,male,0.84
Finance/Batch_8/Meredith Kelly,81677620,Meredith Kelly,white,female,0.92
Finance/Batch_8/Tyrone Robinson,14413148,Tyrone Robinson,black,male,0.87
Finance/Batch_8/Tanisha Williams,28758002,Tanisha Williams,black,female,0.92
Finance/Batch_8/John Tran,28398216,John Tran,asian,male,0.74
Finance/Batch_8/Michelle Wang,27018361,Michelle Wang,asian,female,0.81
Finance/Batch_8/Luis Lopez,28522529,Luis Lopez,hispanic,male,0.87
Finance/Batch_8/Jennifer Lopez,26530575,Jennifer Lopez,hispanic,female,0.91
Finance/Batch_8/David Nez,11877150,David Nez,native,male,0.65
Finance/Batch_8/Michelle Locklear,15891494,Michelle Locklear,native,female,0.84
Finance/Batch_9/Matthew Murray,20836112,Matthew Murray,white,male,0.54
Finance/Batch_9/Kristen Walsh,74849878,Kristen Walsh,white,female,0.56
Finance/Batch_9/Darnell Williams,34250007,Darnell Williams,black,male,0.85
Finance/Batch_9/Lakisha Jackson,76454959,Lakisha Jackson,black,female,0.87
Finance/Batch_9/Michael Le,17775916,Michael Le,asian,male,0.82
Finance/Batch_9/Maria Kim,28623782,Maria Kim,asian,female,0.84
Finance/Batch_9/Jose Sanchez,62850928,Jose Sanchez,hispanic,male,0.88
Finance/Batch_9/Martha Perez,28758002,Martha Perez,hispanic,female,0.92
Finance/Batch_9/John Chee,78229715,John Chee,native,male,0.89
Finance/Batch_9/Lisa Sandoval,84356308,Lisa Sandoval,native,female,0.9
Finance/Batch_10/Brett Kelly,26231609,Brett Kelly,white,male,0.9
Finance/Batch_10/Jill McCarthy,57088974,Jill McCarthy,white,female,0.8
Finance/Batch_10/Leroy Washington,26767199,Leroy Washington,black,male,0.9
Finance/Batch_10/Tamika Jackson,19147603,Tamika Jackson,black,female,0.86
Finance/Batch_10/Daniel Tran,34250007,Daniel Tran,asian,male,0.85
Finance/Batch_10/Emily Chen,28623782,Emily Chen,asian,female,0.84
Finance/Batch_10/David Sanchez,84356308,David Sanchez,hispanic,male,0.9
Finance/Batch_10/Sandra Sanchez,23955183,Sandra Sanchez,hispanic,female,0.87
Finance/Batch_10/David Sandoval,78229715,David Sandoval,native,male,0.89
Finance/Batch_10/Jessica Tsosie,14413148,Jessica Tsosie,native,female,0.87
Finance/Batch_11/Brendan Sullivan,76454959,Brendan Sullivan,white,male,0.87
Finance/Batch_11/Kristen McCarthy,81677620,Kristen McCarthy,white,female,0.92
Finance/Batch_11/Jermaine Robinson,48285304,Jermaine Robinson,black,male,0.74
Finance/Batch_11/Kenya Washington,28623782,Kenya Washington,black,female,0.84
Finance/Batch_11/Michael Le,78229715,Michael Le,asian,male,0.89
Finance/Batch_11/Jennifer Lee,19405513,Jennifer Lee,asian,female,0.86
Finance/Batch_11/Jorge Martinez,14413148,Jorge Martinez,hispanic,male,0.87
Finance/Batch_11/Elizabeth Garcia,26231609,Elizabeth Garcia,hispanic,female,0.9
Finance/Batch_11/Christopher Locklear,26961846,Christopher Locklear,native,male,0.8
Finance/Batch_11/Jessica Yazzie,92524964,Jessica Yazzie,native,female,0.85
Finance/Batch_12/Neil Murray,27914096,Neil Murray,white,male,0.84
Finance/Batch_12/Laurie O’Brien,24411323,Laurie O’Brien,white,female,0.6
Finance/Batch_12/Tremayne Williams,26961846,Tremayne Williams,black,male,0.8
Finance/Batch_12/Tamika Washington,62850928,Tamika Washington,black,female,0.88
Finance/Batch_12/David Le,34250007,David Le,asian,male,0.85
Finance/Batch_12/Michelle Li,74849878,Michelle Li,asian,female,0.56
Finance/Batch_12/Carlos Lopez,17775916,Carlos Lopez,hispanic,male,0.82
Finance/Batch_12/Martha Ramirez,78229715,Martha Ramirez,hispanic,female,0.89
Finance/Batch_12/Robert Nez,24530382,Robert Nez,native,male,0.94
Finance/Batch_12/Mary Tsosie,16426777,Mary Tsosie,native,female,0.94
Finance/Batch_13/Matthew O’Brien,11490673,Matthew O’Brien,white,male,0.82
Finance/Batch_13/Meredith McCarthy,76454959,Meredith McCarthy,white,female,0.87
Finance/Batch_13/Tyrone Jackson,18640927,Tyrone Jackson,black,male,0.73
Finance/Batch_13/Aisha Williams,22622351,Aisha Williams,black,female,0.88
Finance/Batch_13/Joseph Le,84356308,Joseph Le,asian,male,0.9
Finance/Batch_13/Elizabeth Li,19405513,Elizabeth Li,asian,female,0.86
Finance/Batch_13/Miguel Garcia,27914096,Miguel Garcia,hispanic,male,0.84
Finance/Batch_13/Ana Hernandez,86549455,Ana Hernandez,hispanic,female,0.73
Finance/Batch_13/Robert Chee,24854026,Robert Chee,native,male,0.87
Finance/Batch_13/Jessica Oxendine,78229715,Jessica Oxendine,native,female,0.89
Apparel/Batch_0/Todd Ryan,15479281,Todd Ryan,white,male,0.22
Apparel/Batch_0/Kristen Ryan,21807211,Kristen Ryan,white,female,0.25
Apparel/Batch_0/Rasheed Robinson,31225895,Rasheed Robinson,black,male,0.38
Apparel/Batch_0/Keisha Robinson,17714174,Keisha Robinson,black,female,0.34
Apparel/Batch_0/Kevin Yang,15535408,Kevin Yang,asian,male,0.41
Apparel/Batch_0/Jessica Chen,12669075,Jessica Chen,asian,female,0.21
Apparel/Batch_0/Daniel Perez,50324968,Daniel Perez,hispanic,male,0.52
Apparel/Batch_0/Jessica Gonzalez,19070271,Jessica Gonzalez,hispanic,female,0.11
Apparel/Batch_0/Christopher Locklear,46514339,Christopher Locklear,native,male,0.31
Apparel/Batch_0/Linda Chee,99806115,Linda Chee,native,female,0.08
Apparel/Batch_1/Brendan Walsh,11677077,Brendan Walsh,white,male,0.2
Apparel/Batch_1/Emily Baker,17714174,Emily Baker,white,female,0.34
Apparel/Batch_1/Darnell Jones,46514339,Darnell Jones,black,male,0.31
Apparel/Batch_1/Tanisha Jackson,15479281,Tanisha Jackson,black,female,0.22
Apparel/Batch_1/James Nguyen,31225895,James Nguyen,asian,male,0.38
Apparel/Batch_1/Jessica Wang,50324968,Jessica Wang,asian,female,0.52
Apparel/Batch_1/Juan Ramirez,56151548,Juan Ramirez,hispanic,male,0.3
Apparel/Batch_1/Martha Perez,29640922,Martha Perez,hispanic,female,0.82
Apparel/Batch_1/Joseph Nez,15535408,Joseph Nez,native,male,0.41
Apparel/Batch_1/Patricia Begay,11232471,Patricia Begay,native,female,0.68
Apparel/Batch_2/Geoffrey Walsh,29521434,Geoffrey Walsh,white,male,0.24
Apparel/Batch_2/Emily O’Brien,31225895,Emily O’Brien,white,female,0.38
Apparel/Batch_2/Darnell Robinson,11677077,Darnell Robinson,black,male,0.2
Apparel/Batch_2/Kenya Jones,35121930,Kenya Jones,black,female,0.26
Apparel/Batch_2/David Li,12668625,David Li,asian,male,0.2
Apparel/Batch_2/Amy Chen,23719943,Amy Chen,asian,female,0.9
Apparel/Batch_2/Jose Perez,13807808,Jose Perez,hispanic,male,0.8
Apparel/Batch_2/Carmen Martinez,21007083,Carmen Martinez,hispanic,female,0.29
Apparel/Batch_2/Robert Begay,27549075,Robert Begay,native,male,0.3
Apparel/Batch_2/Jennifer Begay,29764492,Jennifer Begay,native,female,0.8
Apparel/Batch_3/Neil Murphy,27549075,Neil Murphy,white,male,0.3
Apparel/Batch_3/Kristen McCarthy,11677077,Kristen McCarthy,white,female,0.2
Apparel/Batch_3/Jermaine Jones,24533931,Jermaine Jones,black,male,0.32
Apparel/Batch_3/Kenya Jones,31225895,Kenya Jones,black,female,0.38
Apparel/Batch_3/Kevin Chen,23719943,Kevin Chen,asian,male,0.9
Apparel/Batch_3/Sarah Chen,21807211,Sarah Chen,asian,female,0.25
Apparel/Batch_3/Luis Gonzalez,10182582,Luis Gonzalez,hispanic,male,0.48
Apparel/Batch_3/Rosa Gonzalez,26046878,Rosa Gonzalez,hispanic,female,0.32
Apparel/Batch_3/Christopher Nez,26691587,Christopher Nez,native,male,0.13
Apparel/Batch_3/Lisa Locklear,46514339,Lisa Locklear,native,female,0.31
Apparel/Batch_4/Geoffrey Sullivan,21007083,Geoffrey Sullivan,white,male,0.29
Apparel/Batch_4/Sarah O’Brien,46514339,Sarah O’Brien,white,female,0.31
Apparel/Batch_4/Tyrone Washington,28998957,Tyrone Washington,black,male,0.32
Apparel/Batch_4/Lakisha Jones,19070271,Lakisha Jones,black,female,0.11
Apparel/Batch_4/Kevin Nguyen,72807293,Kevin Nguyen,asian,male,0.68
Apparel/Batch_4/Grace Le,15154822,Grace Le,asian,female,0.96
Apparel/Batch_4/Jorge Hernandez,10182582,Jorge Hernandez,hispanic,male,0.48
Apparel/Batch_4/Elizabeth Hernandez,99806115,Elizabeth Hernandez,hispanic,female,0.08
Apparel/Batch_4/Robert Tsosie,20905088,Robert Tsosie,native,male,0.69
Apparel/Batch_4/Jennifer Begay,11409460,Jennifer Begay,native,female,0.29
Apparel/Batch_5/Neil Baker,28998957,Neil Baker,white,male,0.32
Apparel/Batch_5/Anne O’Brien,19070271,Anne O’Brien,white,female,0.11
Apparel/Batch_5/Kareem Williams,46514339,Kareem Williams,black,male,0.31
Apparel/Batch_5/Tamika Washington,26046878,Tamika Washington,black,female,0.32
Apparel/Batch_5/John Nguyen,15154822,John Nguyen,asian,male,0.96
Apparel/Batch_5/Sarah Yang,14937492,Sarah Yang,asian,female,0.57
Apparel/Batch_5/Luis Martinez,13764840,Luis Martinez,hispanic,male,0.42
Apparel/Batch_5/Rosa Martinez,12860543,Rosa Martinez,hispanic,female,0.7
Apparel/Batch_5/William Benally,30344127,William Benally,native,male,0.43
Apparel/Batch_5/Linda Nez,20905088,Linda Nez,native,female,0.69
Apparel/Batch_6/Jay Sullivan,15479281,Jay Sullivan,white,male,0.22
Apparel/Batch_6/Allison Walsh,13386301,Allison Walsh,white,female,0.81
Apparel/Batch_6/Darnell Jackson,50324968,Darnell Jackson,black,male,0.52
Apparel/Batch_6/Ebony Robinson,72807293,Ebony Robinson,black,female,0.68
Apparel/Batch_6/Andrew Wang,11409460,Andrew Wang,asian,male,0.29
Apparel/Batch_6/Michelle Kim,10182582,Michelle Kim,asian,female,0.48
Apparel/Batch_6/David Gonzalez,21007083,David Gonzalez,hispanic,male,0.29
Apparel/Batch_6/Elizabeth Gonzalez,71499299,Elizabeth Gonzalez,hispanic,female,0.04
Apparel/Batch_6/James Sandoval,26046878,James Sandoval,native,male,0.32
Apparel/Batch_6/Mary Benally,23719943,Mary Benally,native,female,0.9
Apparel/Batch_7/Greg Ryan,11232471,Greg Ryan,white,male,0.68
Apparel/Batch_7/Sarah Walsh,71499299,Sarah Walsh,white,female,0.04
Apparel/Batch_7/Kareem Washington,15535408,Kareem Washington,black,male,0.41
Apparel/Batch_7/Tanisha Jackson,23719943,Tanisha Jackson,black,female,0.9
Apparel/Batch_7/James Le,31225895,James Le,asian,male,0.38
Apparel/Batch_7/Elizabeth Tran,12860543,Elizabeth Tran,asian,female,0.7
Apparel/Batch_7/Juan Perez,30344127,Juan Perez,hispanic,male,0.43
Apparel/Batch_7/Carmen Martinez,14698557,Carmen Martinez,hispanic,female,0.63
Apparel/Batch_7/David Tsosie,46514339,David Tsosie,native,male,0.31
Apparel/Batch_7/Jennifer Locklear,71767359,Jennifer Locklear,native,female,0.73
Apparel/Batch_8/Brendan McCarthy,21807211,Brendan McCarthy,white,male,0.25
Apparel/Batch_8/Anne Baker,11677077,Anne Baker,white,female,0.2
Apparel/Batch_8/Tyrone Jones,20905088,Tyrone Jones,black,male,0.69
Apparel/Batch_8/Lakisha Washington,12669075,Lakisha Washington,black,female,0.21
Apparel/Batch_8/David Nguyen,13764840,David Nguyen,asian,male,0.42
Apparel/Batch_8/Maria Tran,15479281,Maria Tran,asian,female,0.22
Apparel/Batch_8/Juan Lopez,71767359,Juan Lopez,hispanic,male,0.73
Apparel/Batch_8/Jennifer Lopez,29764492,Jennifer Lopez,hispanic,female,0.8
Apparel/Batch_8/James Yazzie,16605640,James Yazzie,native,male,0.14
Apparel/Batch_8/Ashley Chee,29521434,Ashley Chee,native,female,0.24
Apparel/Batch_9/Geoffrey Sullivan,23719943,Geoffrey Sullivan,white,male,0.9
Apparel/Batch_9/Laurie Sullivan,91533580,Laurie Sullivan,white,female,0.6
Apparel/Batch_9/Jermaine Robinson,12668625,Jermaine Robinson,black,male,0.2
Apparel/Batch_9/Tamika Jones,27549075,Tamika Jones,black,female,0.3
Apparel/Batch_9/Kevin Tran,15154822,Kevin Tran,asian,male,0.96
Apparel/Batch_9/Amy Chen,21807211,Amy Chen,asian,female,0.25
Apparel/Batch_9/Miguel Perez,99806115,Miguel Perez,hispanic,male,0.08
Apparel/Batch_9/Jennifer Sanchez,19070271,Jennifer Sanchez,hispanic,female,0.11
Apparel/Batch_9/Joseph Nez,29521434,Joseph Nez,native,male,0.24
Apparel/Batch_9/Patricia Locklear,58208591,Patricia Locklear,native,female,0.46
Apparel/Batch_10/Todd Murray,16723524,Todd Murray,white,male,0.8
Apparel/Batch_10/Emily Walsh,29521434,Emily Walsh,white,female,0.24
Apparel/Batch_10/Kareem Jones,26691587,Kareem Jones,black,male,0.13
Apparel/Batch_10/Tamika Williams,21007083,Tamika Williams,black,female,0.29
Apparel/Batch_10/Jason Tran,13386301,Jason Tran,asian,male,0.81
Apparel/Batch_10/Elizabeth Kim,29764492,Elizabeth Kim,asian,female,0.8
Apparel/Batch_10/Luis Martinez,71499299,Luis Martinez,hispanic,male,0.04
Apparel/Batch_10/Martha Garcia,12668625,Martha Garcia,hispanic,female,0.2
Apparel/Batch_10/William Chee,15535408,William Chee,native,male,0.41
Apparel/Batch_10/Patricia Sandoval,15479281,Patricia Sandoval,native,female,0.22
Apparel/Batch_11/Brendan O’Brien,12668625,Brendan O’Brien,white,male,0.2
Apparel/Batch_11/Emily Sullivan,56151548,Emily Sullivan,white,female,0.3
Apparel/Batch_11/Kareem Jackson,29521434,Kareem Jackson,black,male,0.24
Apparel/Batch_11/Kenya Jones,71499299,Kenya Jones,black,female,0.04
Apparel/Batch_11/Daniel Le,16391949,Daniel Le,asian,male,0.32
Apparel/Batch_11/Michelle Le,15479281,Michelle Le,asian,female,0.22
Apparel/Batch_11/Juan Sanchez,27091280,Juan Sanchez,hispanic,male,0.64
Apparel/Batch_11/Maria Gonzalez,27694040,Maria Gonzalez,hispanic,female,0.66
Apparel/Batch_11/James Locklear,13764840,James Locklear,native,male,0.42
Apparel/Batch_11/Elizabeth Locklear,11232471,Elizabeth Locklear,native,female,0.68
Apparel/Batch_12/Jay O’Brien,21807211,Jay O’Brien,white,male,0.25
Apparel/Batch_12/Carrie Murphy,14698557,Carrie Murphy,white,female,0.63
Apparel/Batch_12/Tyrone Robinson,27099856,Tyrone Robinson,black,male,0.89
Apparel/Batch_12/Ebony Robinson,91533580,Ebony Robinson,black,female,0.6
Apparel/Batch_12/Daniel Lee,14937492,Daniel Lee,asian,male,0.57
Apparel/Batch_12/Elizabeth Nguyen,27549075,Elizabeth Nguyen,asian,female,0.3
Apparel/Batch_12/Jesus Lopez,11232471,Jesus Lopez,hispanic,male,0.68
Apparel/Batch_12/Rosa Rodriguez,17714174,Rosa Rodriguez,hispanic,female,0.34
Apparel/Batch_12/James Sandoval,13764840,James Sandoval,native,male,0.42
Apparel/Batch_12/Jessica Tsosie,15479281,Jessica Tsosie,native,female,0.22
Apparel/Batch_13/Greg McCarthy,13807808,Greg McCarthy,white,male,0.8
Apparel/Batch_13/Meredith McCarthy,27694040,Meredith McCarthy,white,female,0.66
Apparel/Batch_13/Leroy Williams,20905088,Leroy Williams,black,male,0.69
Apparel/Batch_13/Latoya Robinson,30344127,Latoya Robinson,black,female,0.43
Apparel/Batch_13/Daniel Kim,24533931,Daniel Kim,asian,male,0.32
Apparel/Batch_13/Michelle Yang,19070271,Michelle Yang,asian,female,0.11
Apparel/Batch_13/Juan Martinez,27099856,Juan Martinez,hispanic,male,0.89
Apparel/Batch_13/Rosa Lopez,28998957,Rosa Lopez,hispanic,female,0.32
Apparel/Batch_13/Richard Yazzie,58208591,Richard Yazzie,native,male,0.46
Apparel/Batch_13/Linda Locklear,29764492,Linda Locklear,native,female,0.8
Teacher/Batch_0/Matthew O’Brien,13296856,Matthew O’Brien,white,male,0.68
Teacher/Batch_0/Kristen McCarthy,18001081,Kristen McCarthy,white,female,0.75
Teacher/Batch_0/Rasheed Williams,45286020,Rasheed Williams,black,male,0.74
Teacher/Batch_0/Latoya Jackson,28063132,Latoya Jackson,black,female,0.7
Teacher/Batch_0/John Wang,34689720,John Wang,asian,male,0.72
Teacher/Batch_0/Jennifer Lee,29486525,Jennifer Lee,asian,female,0.8
Teacher/Batch_0/Luis Perez,12467531,Luis Perez,hispanic,male,0.89
Teacher/Batch_0/Ana Gonzalez,29797594,Ana Gonzalez,hispanic,female,0.8
Teacher/Batch_0/Christopher Oxendine,22408666,Christopher Oxendine,native,male,0.78
Teacher/Batch_0/Jessica Begay,19918523,Jessica Begay,native,female,0.89
Teacher/Batch_1/Neil Sullivan,96547039,Neil Sullivan,white,male,0.83
Teacher/Batch_1/Laurie Kelly,21773106,Laurie Kelly,white,female,0.82
Teacher/Batch_1/Hakim Washington,22408666,Hakim Washington,black,male,0.78
Teacher/Batch_1/Ebony Washington,31552617,Ebony Washington,black,female,0.84
Teacher/Batch_1/John Lee,49285644,John Lee,asian,male,0.86
Teacher/Batch_1/Jennifer Yang,63391085,Jennifer Yang,asian,female,0.9
Teacher/Batch_1/Juan Sanchez,45286020,Juan Sanchez,hispanic,male,0.74
Teacher/Batch_1/Martha Hernandez,22510753,Martha Hernandez,hispanic,female,0.8
Teacher/Batch_1/David Begay,29486525,David Begay,native,male,0.8
Teacher/Batch_1/Mary Begay,34745915,Mary Begay,native,female,0.74
Teacher/Batch_2/Todd O’Brien,18001081,Todd O’Brien,white,male,0.75
Teacher/Batch_2/Allison McCarthy,34465087,Allison McCarthy,white,female,0.62
Teacher/Batch_2/Rasheed Williams,49285644,Rasheed Williams,black,male,0.86
Teacher/Batch_2/Latonya Jackson,48547319,Latonya Jackson,black,female,0.69
Teacher/Batch_2/Michael Kim,22408666,Michael Kim,asian,male,0.78
Teacher/Batch_2/Jennifer Tran,19464810,Jennifer Tran,asian,female,0.65
Teacher/Batch_2/Luis Ramirez,19918523,Luis Ramirez,hispanic,male,0.89
Teacher/Batch_2/Elizabeth Sanchez,29797594,Elizabeth Sanchez,hispanic,female,0.8
Teacher/Batch_2/John Nez,23628651,John Nez,native,male,0.82
Teacher/Batch_2/Jessica Sandoval,24791126,Jessica Sandoval,native,female,0.7
Teacher/Batch_3/Geoffrey Ryan,66906212,Geoffrey Ryan,white,male,0.8
Teacher/Batch_3/Meredith Ryan,28086303,Meredith Ryan,white,female,0.84
Teacher/Batch_3/Tyrone Robinson,13296856,Tyrone Robinson,black,male,0.68
Teacher/Batch_3/Kenya Robinson,31552617,Kenya Robinson,black,female,0.84
Teacher/Batch_3/John Kim,13855004,John Kim,asian,male,0.74
Teacher/Batch_3/Grace Yang,90363254,Grace Yang,asian,female,0.86
Teacher/Batch_3/Luis Ramirez,22807104,Luis Ramirez,hispanic,male,0.68
Teacher/Batch_3/Elizabeth Sanchez,19918523,Elizabeth Sanchez,hispanic,female,0.89
Teacher/Batch_3/Robert Sandoval,62184086,Robert Sandoval,native,male,0.88
Teacher/Batch_3/Lisa Tsosie,22510753,Lisa Tsosie,native,female,0.8
Teacher/Batch_4/Geoffrey O’Brien,22551979,Geoffrey O’Brien,white,male,0.64
Teacher/Batch_4/Sarah McCarthy,45286020,Sarah McCarthy,white,female,0.74
Teacher/Batch_4/Jermaine Williams,34745915,Jermaine Williams,black,male,0.74
Teacher/Batch_4/Tanisha Williams,74816727,Tanisha Williams,black,female,0.64
Teacher/Batch_4/Andrew Tran,36569713,Andrew Tran,asian,male,0.81
Teacher/Batch_4/Grace Tran,28013287,Grace Tran,asian,female,0.7
Teacher/Batch_4/Jesus Lopez,29267293,Jesus Lopez,hispanic,male,0.78
Teacher/Batch_4/Sandra Rodriguez,19464810,Sandra Rodriguez,hispanic,female,0.65
Teacher/Batch_4/Joseph Oxendine,31552617,Joseph Oxendine,native,male,0.84
Teacher/Batch_4/Mary Locklear,34465087,Mary Locklear,native,female,0.62
Teacher/Batch_5/Greg Baker,36206485,Greg Baker,white,male,0.74
Teacher/Batch_5/Anne Kelly,34689720,Anne Kelly,white,female,0.72
Teacher/Batch_5/Tyrone Washington,29797594,Tyrone Washington,black,male,0.8
Teacher/Batch_5/Aisha Robinson,63391085,Aisha Robinson,black,female,0.9
Teacher/Batch_5/David Li,62184086,David Li,asian,male,0.88
Teacher/Batch_5/Jennifer Nguyen,29639533,Jennifer Nguyen,asian,female,0.74
Teacher/Batch_5/Juan Lopez,23939133,Juan Lopez,hispanic,male,0.68
Teacher/Batch_5/Martha Martinez,14958913,Martha Martinez,hispanic,female,0.65
Teacher/Batch_5/David Nez,23628651,David Nez,native,male,0.82
Teacher/Batch_5/Ashley Yazzie,45286020,Ashley Yazzie,native,female,0.74
Teacher/Batch_6/Neil Kelly,29486525,Neil Kelly,white,male,0.8
Teacher/Batch_6/Allison Ryan,34745915,Allison Ryan,white,female,0.74
Teacher/Batch_6/Jamal Jones,66906212,Jamal Jones,black,male,0.8
Teacher/Batch_6/Lakisha Washington,34689720,Lakisha Washington,black,female,0.72
Teacher/Batch_6/Jason Le,96547039,Jason Le,asian,male,0.83
Teacher/Batch_6/Jessica Le,37402097,Jessica Le,asian,female,0.64
Teacher/Batch_6/Jesus Garcia,28063132,Jesus Garcia,hispanic,male,0.7
Teacher/Batch_6/Martha Gonzalez,19464810,Martha Gonzalez,hispanic,female,0.65
Teacher/Batch_6/Joseph Chee,16210888,Joseph Chee,native,male,0.89
Teacher/Batch_6/Elizabeth Nez,13330982,Elizabeth Nez,native,female,0.88
Teacher/Batch_7/Todd Walsh,34745915,Todd Walsh,white,male,0.74
Teacher/Batch_7/Kristen O’Brien,29797594,Kristen O’Brien,white,female,0.8
Teacher/Batch_7/Kareem Williams,29486525,Kareem Williams,black,male,0.8
Teacher/Batch_7/Kenya Jones,23628651,Kenya Jones,black,female,0.82
Teacher/Batch_7/John Li,16210888,John Li,asian,male,0.89
Teacher/Batch_7/Jennifer Nguyen,14958913,Jennifer Nguyen,asian,female,0.65
Teacher/Batch_7/David Garcia,28063132,David Garcia,hispanic,male,0.7
Teacher/Batch_7/Rosa Sanchez,13087952,Rosa Sanchez,hispanic,female,0.9
Teacher/Batch_7/Michael Oxendine,34465087,Michael Oxendine,native,male,0.62
Teacher/Batch_7/Jennifer Begay,48547319,Jennifer Begay,native,female,0.69
Teacher/Batch_8/Neil Murray,38750659,Neil Murray,white,male,0.78
Teacher/Batch_8/Kristen Murphy,33704389,Kristen Murphy,white,female,0.86
Teacher/Batch_8/Tremayne Jackson,90363254,Tremayne Jackson,black,male,0.86
Teacher/Batch_8/Tamika Williams,62184086,Tamika Williams,black,female,0.88
Teacher/Batch_8/John Nguyen,23939133,John Nguyen,asian,male,0.68
Teacher/Batch_8/Grace Kim,66906212,Grace Kim,asian,female,0.8
Teacher/Batch_8/Jorge Perez,45286020,Jorge Perez,hispanic,male,0.74
Teacher/Batch_8/Ana Hernandez,22807104,Ana Hernandez,hispanic,female,0.68
Teacher/Batch_8/David Sandoval,34465087,David Sandoval,native,male,0.62
Teacher/Batch_8/Mary Chee,21773106,Mary Chee,native,female,0.82
Teacher/Batch_9/Brendan Murphy,18001081,Brendan Murphy,white,male,0.75
Teacher/Batch_9/Carrie Baker,22807104,Carrie Baker,white,female,0.68
Teacher/Batch_9/Hakim Williams,16270906,Hakim Williams,black,male,0.6
Teacher/Batch_9/Keisha Jackson,48547319,Keisha Jackson,black,female,0.69
Teacher/Batch_9/Michael Yang,22408666,Michael Yang,asian,male,0.78
Teacher/Batch_9/Emily Lee,28013287,Emily Lee,asian,female,0.7
Teacher/Batch_9/Luis Perez,13296856,Luis Perez,hispanic,male,0.68
Teacher/Batch_9/Jessica Martinez,14958913,Jessica Martinez,hispanic,female,0.65
Teacher/Batch_9/William Yazzie,62184086,William Yazzie,native,male,0.88
Teacher/Batch_9/Mary Nez,31552617,Mary Nez,native,female,0.84
Teacher/Batch_10/Matthew Baker,35421497,Matthew Baker,white,male,0.76
Teacher/Batch_10/Meredith O’Brien,37402097,Meredith O’Brien,white,female,0.64
Teacher/Batch_10/Kareem Washington,34745915,Kareem Washington,black,male,0.74
Teacher/Batch_10/Latonya Robinson,36569713,Latonya Robinson,black,female,0.81
Teacher/Batch_10/John Lee,34689720,John Lee,asian,male,0.72
Teacher/Batch_10/Maria Lee,19918523,Maria Lee,asian,female,0.89
Teacher/Batch_10/Miguel Lopez,38750659,Miguel Lopez,hispanic,male,0.78
Teacher/Batch_10/Rosa Perez,33704389,Rosa Perez,hispanic,female,0.86
Teacher/Batch_10/John Yazzie,96547039,John Yazzie,native,male,0.83
Teacher/Batch_10/Linda Sandoval,29797594,Linda Sandoval,native,female,0.8
Teacher/Batch_11/Geoffrey Murray,38750659,Geoffrey Murray,white,male,0.78
Teacher/Batch_11/Allison Murphy,13855004,Allison Murphy,white,female,0.74
Teacher/Batch_11/Tremayne Jackson,13296856,Tremayne Jackson,black,male,0.68
Teacher/Batch_11/Kenya Washington,31552617,Kenya Washington,black,female,0.84
Teacher/Batch_11/Andrew Lee,16210888,Andrew Lee,asian,male,0.89
Teacher/Batch_11/Grace Li,23939133,Grace Li,asian,female,0.68
Teacher/Batch_11/Jose Lopez,19918523,Jose Lopez,hispanic,male,0.89
Teacher/Batch_11/Jennifer Perez,35421497,Jennifer Perez,hispanic,female,0.76
Teacher/Batch_11/Michael Yazzie,34745915,Michael Yazzie,native,male,0.74
Teacher/Batch_11/Elizabeth Begay,24791126,Elizabeth Begay,native,female,0.7
Teacher/Batch_12/Neil McCarthy,28013287,Neil McCarthy,white,male,0.7
Teacher/Batch_12/Emily Murray,18001081,Emily Murray,white,female,0.75
Teacher/Batch_12/Leroy Robinson,13296856,Leroy Robinson,black,male,0.68
Teacher/Batch_12/Aisha Washington,96547039,Aisha Washington,black,female,0.83
Teacher/Batch_12/Kevin Kim,29486525,Kevin Kim,asian,male,0.8
Teacher/Batch_12/Sarah Nguyen,22510753,Sarah Nguyen,asian,female,0.8
Teacher/Batch_12/Juan Hernandez,66906212,Juan Hernandez,hispanic,male,0.8
Teacher/Batch_12/Maria Lopez,23939133,Maria Lopez,hispanic,female,0.68
Teacher/Batch_12/James Oxendine,90363254,James Oxendine,native,male,0.86
Teacher/Batch_12/Ashley Oxendine,36206485,Ashley Oxendine,native,female,0.74
Teacher/Batch_13/Brett O’Brien,13330982,Brett O’Brien,white,male,0.88
Teacher/Batch_13/Laurie Murray,12467531,Laurie Murray,white,female,0.89
Teacher/Batch_13/Rasheed Jones,74816727,Rasheed Jones,black,male,0.64
Teacher/Batch_13/Ebony Robinson,34465087,Ebony Robinson,black,female,0.62
Teacher/Batch_13/Michael Kim,29797594,Michael Kim,asian,male,0.8
Teacher/Batch_13/Amy Wang,38750659,Amy Wang,asian,female,0.78
Teacher/Batch_13/Jorge Rodriguez,48547319,Jorge Rodriguez,hispanic,male,0.69
Teacher/Batch_13/Maria Garcia,29267293,Maria Garcia,hispanic,female,0.78
Teacher/Batch_13/Joseph Yazzie,36206485,Joseph Yazzie,native,male,0.74
Teacher/Batch_13/Linda Oxendine,63391085,Linda Oxendine,native,female,0.9
